"","stat1","ifngr","factor.stat1","factor.ifngr"
"1",2697508.41272856,3810128.71454159,152490,116.221847674782
"2",2697508.41272856,4499444.47874651,152490,137.248316266641
"3",2697508.41272856,3798413.27121606,152490,115.864486920951
"4",2697508.41272856,4452298.2055624,152490,135.810195040047
"5",2697508.41272856,3830943.15158717,152490,116.856758595905
"6",2697508.41272856,4579877.21302339,152490,139.70178744611
"7",2697508.41272856,3946235.28230523,152490,120.373559590915
"8",2697508.41272856,4874007.99611174,152490,148.673773861711
"9",2697508.41272856,4842821.04115429,152490,147.722465966345
"10",2697508.41272856,4098456.42944819,152490,125.016820829993
"11",2697508.41272856,3875449.87741959,152490,118.214364676365
"12",2697508.41272856,3866462.04172709,152490,117.940205205901
"13",2697508.41272856,4432816.29962319,152490,135.215930836888
"14",2697508.41272856,3466348.73383024,152490,105.735392348644
"15",2697508.41272856,3788690.47881602,152490,115.567908778334
"16",2697508.41272856,4201641.93675896,152490,128.164328752008
"17",2697508.41272856,4331525.28261716,152490,132.126211294247
"18",2697508.41272856,4271993.8418863,152490,130.310300453734
"19",2697508.41272856,4319490.58975647,152490,131.759112346873
"20",2697508.41272856,4642375.70399623,152490,141.608203381621
"21",2697508.41272856,4404447.36913309,152490,134.35058224498
"22",2697508.41272856,4218143.95696472,152490,128.667696334148
"23",2697508.41272856,3937544.36735502,152490,120.108457210084
"24",2697508.41272856,3736909.05335405,152490,113.988399687353
"25",2697508.41272856,4450483.74274808,152490,135.754847770541
"26",2697508.41272856,4134795.57709455,152490,126.125288075802
"27",2697508.41272856,4649144.77400808,152490,141.81468297398
"28",2697508.41272856,3845356.33123473,152490,117.29640945681
"29",2697508.41272856,4174854.90013419,152490,127.347233287915
"30",2697508.41272856,5096335.79951195,152490,155.455525880227
"31",2697508.41272856,4552116.98439572,152490,138.855006325391
"32",2697508.41272856,4151529.77732906,152490,126.635737936247
"33",2697508.41272856,3746211.24957575,152490,114.272148220098
"34",2697508.41272856,4059186.45932435,152490,123.818953558867
"35",2697508.41272856,4472471.55944981,152490,136.425550750642
"36",2697508.41272856,3766189.62462622,152490,114.881556414903
"37",2697508.41272856,4055413.25751158,152490,123.703858106932
"38",2697508.41272856,3841648.05087417,152490,117.183294329346
"39",2697508.41272856,4002470.85691572,152490,122.088935336973
"40",2697508.41272856,4250915.35172941,152490,129.667335017192
"41",2697508.41272856,5356519.59561696,152490,163.392014063147
"42",2697508.41272856,4434921.25757761,152490,135.280139193369
"43",2697508.41272856,4228173.7819494,152490,128.973640011884
"44",2697508.41272856,4861559.74690223,152490,148.29406004314
"45",2697508.41272856,3900578.96861907,152490,118.98088718214
"46",2697508.41272856,4623820.82931977,152490,141.04221677596
"47",2697508.41272856,4641111.37964695,152490,141.569637201068
"48",2697508.41272856,3878524.39549061,152490,118.308147904622
"49",2697508.41272856,4121042.0766859,152490,125.705759668957
"50",2697508.41272856,4955178.75363036,152490,151.149757253026
"51",2697508.41272856,4069897.33636898,152490,124.145671634189
"52",2697508.41272856,4261734.60966079,152490,129.997359077129
"53",2697508.41272856,4383813.65087411,152490,133.721183859748
"54",2697508.41272856,4201496.00508747,152490,128.159877341107
"55",2697508.41272856,4448119.32178856,152490,135.682724912447
"56",2697508.41272856,4453411.07244216,152490,135.844141254118
"57",2697508.41272856,4301654.22059235,152490,131.215042596118
"58",2697508.41272856,3701776.70601679,152490,112.916743943781
"59",2697508.41272856,3904750.03302592,152490,119.108118792527
"60",2697508.41272856,4058138.64684026,152490,123.786991724493
"61",2697508.41272856,4839696.49401342,152490,147.627156681786
"62",2697508.41272856,4274159.0157846,152490,130.376345600723
"63",2697508.41272856,4535787.44351333,152490,138.35689994757
"64",2697508.41272856,4433918.13166698,152490,135.249540451038
"65",2697508.41272856,4289487.08685996,152490,130.84390375299
"66",2697508.41272856,3267855.0372638,152490,99.6806614208667
"67",2697508.41272856,4110144.64607564,152490,125.373351077195
"68",2697508.41272856,4240917.08908241,152490,129.362354097797
"69",2697508.41272856,3430734.77403773,152490,104.64904579182
"70",2697508.41272856,4184901.57163936,152490,127.65369084166
"71",2697508.41272856,3947600.03006334,152490,120.415189026018
"72",2697508.41272856,3991768.5818459,152490,121.762479651056
"73",2697508.41272856,3236342.42099838,152490,98.7194197511414
"74",2697508.41272856,3627771.53129222,152490,110.659335129439
"75",2697508.41272856,4179188.7993726,152490,127.479431912912
"76",2697508.41272856,4471033.05549081,152490,136.38167150127
"77",2697508.41272856,4064753.98275193,152490,123.988781905415
"78",2697508.41272856,3331580.30471861,152490,101.624498199635
"79",2697508.41272856,4224001.02421927,152490,128.846356749394
"80",2697508.41272856,3466557.95980037,152490,105.741774450314
"81",2697508.41272856,4343391.64288917,152490,132.488175526773
"82",2697508.41272856,4513326.87433862,152490,137.671776413725
"83",2697508.41272856,4152251.45299081,152490,126.657751491461
"84",2697508.41272856,4556834.16416887,152490,138.998896306577
"85",2697508.41272856,4534895.43585732,152490,138.329690688858
"86",2697508.41272856,4250390.0495003,152490,129.651311517665
"87",2697508.41272856,4088223.14591635,152490,124.704670976548
"88",2697508.41272856,4493558.74629355,152490,137.068781465627
"89",2697508.41272856,3184059.98449594,152490,97.1246281242703
"90",2697508.41272856,5025246.41732157,152490,153.287058626957
"91",2697508.41272856,4447984.03345531,152490,135.678598159459
"92",2697508.41272856,4407576.20401101,152490,134.44602232006
"93",2697508.41272856,4240264.71280088,152490,129.342454408706
"94",2697508.41272856,4555422.4965453,152490,138.95583565645
"95",2697508.41272856,3530497.99442443,152490,107.692162356118
"96",2697508.41272856,4990481.84168176,152490,152.226621167439
"97",2697508.41272856,4450964.59346858,152490,135.7695153483
"98",2697508.41272856,4654515.30661791,152490,141.978502432502
"99",2697508.41272856,4222954.65538695,152490,128.814438951295
"100",2697508.41272856,4204944.85383689,152490,128.265078924581
"101",2697508.41272856,4035083.81771887,152490,123.083741246868
"102",2697508.41272856,3762074.71108494,152490,114.756037596349
"103",2697508.41272856,3990863.20461497,152490,121.734862574966
"104",2697508.41272856,3668896.97326226,152490,111.913800584623
"105",2697508.41272856,4140289.36683103,152490,126.292867294707
"106",2697508.41272856,4473780.63160997,152490,136.465481891186
"107",2697508.41272856,3473283.79017104,152490,105.946935086973
"108",2697508.41272856,4744288.59857639,152490,144.716892299343
"109",2697508.41272856,4757509.3179089,152490,145.120169076463
"110",2697508.41272856,3981352.10094071,152490,121.444741656418
"111",2697508.41272856,4328516.53568647,152490,132.03443430883
"112",2697508.41272856,3686405.48031905,152490,112.447869429175
"113",2697508.41272856,4211531.31404416,152490,128.465988298588
"114",2697508.41272856,3672300.17540568,152490,112.017609791806
"115",2697508.41272856,4090220.58489974,152490,124.765599639767
"116",2697508.41272856,4036743.86002036,152490,123.134378167023
"117",2697508.41272856,4528795.6697227,152490,138.143627134668
"118",2697508.41272856,4652510.74582755,152490,141.917356530017
"119",2697508.41272856,4075831.89062723,152490,124.326695665841
"120",2697508.41272856,4342919.03627007,152490,132.473759422067
"121",2697508.41272856,5257042.5676258,152490,160.357627337522
"122",2697508.41272856,3976824.7715471,152490,121.306642755678
"123",2697508.41272856,4287792.11271876,152490,130.792201293254
"124",2697508.41272856,3992522.37213953,152490,121.785472811458
"125",2697508.41272856,5221765.98741312,152490,159.281572002089
"126",2697508.41272856,4653682.19095823,152490,141.953089579407
"127",2697508.41272856,3691736.01500618,152490,112.610468815402
"128",2697508.41272856,3864541.07799157,152490,117.881609297105
"129",2697508.41272856,3959181.12120142,152490,120.768451582483
"130",2697508.41272856,4736846.01305485,152490,144.48986819974
"131",2697508.41272856,4019289.33593473,152490,122.601955986173
"132",2697508.41272856,4760306.8153424,152490,145.205502235773
"133",2697508.41272856,4926152.08457631,152490,150.264345404226
"134",2697508.41272856,4385013.1469062,152490,133.757772556764
"135",2697508.41272856,4073089.23279531,152490,124.243035300366
"136",2697508.41272856,3992683.18876097,152490,121.790378263814
"137",2697508.41272856,3879993.00033105,152490,118.352945332963
"138",2697508.41272856,4800043.95592524,152490,146.417619790286
"139",2697508.41272856,4186846.39150799,152490,127.713014443423
"140",2697508.41272856,3564200.59077858,152490,108.720205845769
"141",2697508.41272856,4476372.63413929,152490,136.544546758991
"142",2697508.41272856,3925147.59505054,152490,119.730313611698
"143",2697508.41272856,3724833.1796927,152490,113.620044585896
"144",2697508.41272856,4136131.94096514,152490,126.166051706074
"145",2697508.41272856,3675659.09280386,152490,112.120068164068
"146",2697508.41272856,3516769.75784735,152490,107.273404581816
"147",2697508.41272856,4490306.30002889,152490,136.969570824029
"148",2697508.41272856,3596428.27001276,152490,109.703259361145
"149",2697508.41272856,3851828.84906387,152490,117.493843201854
"150",2697508.41272856,4810775.53610135,152490,146.744969381332
"151",2697508.41272856,4322276.14836444,152490,131.844081331513
"152",2697508.41272856,4033784.06917257,152490,123.044094508167
"153",2697508.41272856,3948480.25382432,152490,120.442038835968
"154",2697508.41272856,4137236.86091763,152490,126.199755511911
"155",2697508.41272856,4184452.67573138,152490,127.639997994057
"156",2697508.41272856,3604970.50160011,152490,109.963826395156
"157",2697508.41272856,4859381.52454183,152490,148.227616873804
"158",2697508.41272856,4236106.84658123,152490,129.215625387789
"159",2697508.41272856,5393431.93997495,152490,164.517965752632
"160",2697508.41272856,4909584.6136454,152490,149.758981352996
"161",2697508.41272856,3572651.33181258,152490,108.977982107616
"162",2697508.41272856,4294059.18868677,152490,130.983368364787
"163",2697508.41272856,5414463.02325193,152490,165.159485118559
"164",2697508.41272856,4622344.53981654,152490,140.997184939342
"165",2697508.41272856,4283065.50360837,152490,130.648023685303
"166",2697508.41272856,3948788.77259498,152490,120.4514497048
"167",2697508.41272856,4768453.45594032,152490,145.454002402977
"168",2697508.41272856,3937335.68963196,152490,120.102091831809
"169",2697508.41272856,4558442.29107181,152490,139.047949631007
"170",2697508.41272856,4484995.81270049,152490,136.807582950232
"171",2697508.41272856,4421526.32444701,152490,134.871548304568
"172",2697508.41272856,4259171.42658106,152490,129.919173300276
"173",2697508.41272856,4240688.68947511,152490,129.355387135168
"174",2697508.41272856,3752437.33263409,152490,114.46206486886
"175",2697508.41272856,4451893.19780474,152490,135.797840929873
"176",2697508.41272856,4395855.57241785,152490,134.088503306471
"177",2697508.41272856,4054147.27196096,152490,123.665241254105
"178",2697508.41272856,4081091.09499672,152490,124.487119235468
"179",2697508.41272856,4039282.30068785,152490,123.211809216389
"180",2697508.41272856,3875407.35817016,152490,118.213067695056
"181",2697508.41272856,3952203.71966741,152490,120.55561717215
"182",2697508.41272856,3714649.54248278,152490,113.309409113643
"183",2697508.41272856,3938298.369321,152490,120.13145682721
"184",2697508.41272856,4280064.98407768,152490,130.55649766349
"185",2697508.41272856,4426932.05273235,152490,135.036441350557
"186",2697508.41272856,3639952.51511832,152490,111.030896447397
"187",2697508.41272856,4529159.85667965,152490,138.154736071978
"188",2697508.41272856,4923995.65354117,152490,150.198566944215
"189",2697508.41272856,5010973.97562208,152490,152.851700750775
"190",2697508.41272856,3878481.05053918,152490,118.306825736601
"191",2697508.41272856,4176283.83207927,152490,127.390820558399
"192",2697508.41272856,4306454.12525076,152490,131.361455966861
"193",2697508.41272856,3880621.54983483,152490,118.372118224526
"194",2697508.41272856,4298033.41429534,152490,131.104595724256
"195",2697508.41272856,4470965.35910647,152490,136.379606531958
"196",2697508.41272856,3811265.05918293,152490,116.256510040205
"197",2697508.41272856,4065959.19006393,152490,124.025544815838
"198",2697508.41272856,4882053.97835294,152490,148.919203607657
"199",2697508.41272856,3770408.15858358,152490,115.010236007572
"200",2697508.41272856,4204459.58508636,152490,128.250276581922
"201",2697508.41272856,4123339.06801593,152490,125.775825694666
"202",2697508.41272856,3769882.38514741,152490,114.994198134632
"203",2697508.41272856,4386502.38958355,152490,133.803199509123
"204",2697508.41272856,3384824.78573017,152490,103.248635446766
"205",2697508.41272856,4358241.22006196,152490,132.941137992221
"206",2697508.41272856,3564196.93372483,152490,108.720094293227
"207",2697508.41272856,3910418.98204624,152490,119.281040963634
"208",2697508.41272856,4502018.04407509,152490,137.326818737295
"209",2697508.41272856,4078341.76231138,152490,124.403255264326
"210",2697508.41272856,3791351.26784367,152490,115.649071867624
"211",2697508.41272856,3819064.09998562,152490,116.494407234785
"212",2697508.41272856,3813887.00906739,152490,116.336488403907
"213",2697508.41272856,4573302.58985301,152490,139.501239141873
"214",2697508.41272856,4419181.96500022,152490,134.800037390651
"215",2697508.41272856,3897567.66421468,152490,118.889032185101
"216",2697508.41272856,4682837.03547635,152490,142.842411214562
"217",2697508.41272856,4532081.17326001,152490,138.243846135194
"218",2697508.41272856,3924289.81706498,152490,119.704148474023
"219",2697508.41272856,4940950.4551359,152490,150.715745894306
"220",2697508.41272856,4284396.38845992,152490,130.688620186912
"221",2697508.41272856,4071926.54374031,152490,124.207569340981
"222",2697508.41272856,4127678.69323491,152490,125.90819898149
"223",2697508.41272856,4838118.43268238,152490,147.579020459265
"224",2697508.41272856,4177415.78625134,152490,127.425348999619
"225",2697508.41272856,3752974.93939328,152490,114.478463698284
"226",2697508.41272856,3849297.58131665,152490,117.416630950883
"227",2697508.41272856,4562867.51732874,152490,139.1829340398
"228",2697508.41272856,4296683.94034859,152490,131.0634321922
"229",2697508.41272856,4567440.41603264,152490,139.322422959051
"230",2697508.41272856,4485027.86968051,152490,136.808560796843
"231",2697508.41272856,4006524.55983049,152490,122.212587023826
"232",2697508.41272856,3608042.62288882,152490,110.057536513424
"233",2697508.41272856,4027021.1151742,152490,122.83780147496
"234",2697508.41272856,4200462.89674347,152490,128.128364032874
"235",2697508.41272856,4564924.47597092,152490,139.24567825447
"236",2697508.41272856,4430457.67018077,152490,135.143984639708
"237",2697508.41272856,4249225.60467616,152490,129.615792001366
"238",2697508.41272856,4030484.89490796,152490,122.943458504094
"239",2697508.41272856,3742989.91399105,152490,114.173886559749
"240",2697508.41272856,4327773.92823126,152490,132.011782262926
"241",2697508.41272856,3971718.33622948,152490,121.150879160243
"242",2697508.41272856,4106733.40734073,152490,125.269296726716
"243",2697508.41272856,3543422.3790644,152490,108.08639992011
"244",2697508.41272856,4377344.10592264,152490,133.523840797555
"245",2697508.41272856,4086678.48173155,152490,124.657553480252
"246",2697508.41272856,4141412.65470172,152490,126.327131384344
"247",2697508.41272856,3973512.99370172,152490,121.205622299647
"248",2697508.41272856,4520505.85674482,152490,137.890759724312
"249",2697508.41272856,4349081.28356531,152490,132.661728863558
"250",2697508.41272856,3207456.3074914,152490,97.8382953232155
"251",2697508.41272856,4528815.10835314,152490,138.144220078821
"252",2697508.41272856,4285412.77209667,152490,130.719623334853
"253",2697508.41272856,3972743.41227604,152490,121.182147456163
"254",2697508.41272856,4006357.07320652,152490,122.207478113771
"255",2697508.41272856,4288673.37585287,152490,130.819082807609
"256",2697508.41272856,4525176.94024208,152490,138.033243612749
"257",2697508.41272856,4402432.45489656,152490,134.289120527274
"258",2697508.41272856,3727411.96769034,152490,113.698706365668
"259",2697508.41272856,4009111.03710363,152490,122.291483352579
"260",2697508.41272856,4754495.84359393,152490,145.028247889793
"261",2697508.41272856,4933714.40659584,152490,150.495021873099
"262",2697508.41272856,4311347.23931827,152490,131.510712540698
"263",2697508.41272856,3994869.41950824,152490,121.85706571611
"264",2697508.41272856,3560414.29814994,152490,108.604711079553
"265",2697508.41272856,4264544.97459321,152490,130.083084738795
"266",2697508.41272856,3964195.03153443,152490,120.921392852092
"267",2697508.41272856,3657393.27113952,152490,111.562898655588
"268",2697508.41272856,3942178.2646618,152490,120.249806793596
"269",2697508.41272856,4283655.35481956,152490,130.666016147699
"270",2697508.41272856,4836325.4441358,152490,147.524328227754
"271",2697508.41272856,3815579.41576213,152490,116.388112547818
"272",2697508.41272856,3955451.18592226,152490,120.65467590656
"273",2697508.41272856,3748572.27101629,152490,114.344167381333
"274",2697508.41272856,4267316.05436355,152490,130.167612069783
"275",2697508.41272856,4759711.31439937,152490,145.187337437395
"276",2697508.41272856,3565290.04327084,152490,108.753437841612
"277",2697508.41272856,4600423.70913289,152490,140.328525259973
"278",2697508.41272856,4042565.74395238,152490,123.311965371609
"279",2697508.41272856,3971025.45642353,152490,121.129743976291
"280",2697508.41272856,3815943.2984709,152490,116.399212204528
"281",2697508.41272856,4036957.44871457,152490,123.140893346573
"282",2697508.41272856,4084921.59254285,152490,124.603962401586
"283",2697508.41272856,4730795.4031185,152490,144.305304076308
"284",2697508.41272856,4871016.16832017,152490,148.582512967418
"285",2697508.41272856,4130311.13283771,152490,125.988497317177
"286",2697508.41272856,4412312.10993189,152490,134.59048351226
"287",2697508.41272856,3748132.20417039,152490,114.330743850066
"288",2697508.41272856,4584622.43959775,152490,139.846532949852
"289",2697508.41272856,3449011.55527991,152490,105.206549604593
"290",2697508.41272856,4661531.77813945,152490,142.192528609958
"291",2697508.41272856,3684944.07569704,152490,112.403291631915
"292",2697508.41272856,3937636.85098078,152490,120.111278274324
"293",2697508.41272856,5153552.42771123,152490,157.200827087942
"294",2697508.41272856,4711256.84207143,152490,143.709311700216
"295",2697508.41272856,3883355.70704266,152490,118.455519292137
"296",2697508.41272856,4430659.39313753,152490,135.150137874023
"297",2697508.41272856,3716108.69302785,152490,113.353918153912
"298",2697508.41272856,4698050.23963548,152490,143.306465536317
"299",2697508.41272856,3815897.31162985,152490,116.397809449913
"300",2697508.41272856,4602783.38824752,152490,140.400503475716
"301",2697508.41272856,4724873.03573764,152490,144.124651785747
"302",2697508.41272856,4736024.79220912,152490,144.464818178811
"303",2697508.41272856,3786834.26580075,152490,115.511287986104
"304",2697508.41272856,4078822.99794885,152490,124.417934583358
"305",2697508.41272856,3881179.99471422,152490,118.389152687289
"306",2697508.41272856,3904552.57131971,152490,119.102095540805
"307",2697508.41272856,4308121.19772439,152490,131.412307331109
"308",2697508.41272856,3657235.12648805,152490,111.558074707378
"309",2697508.41272856,4198617.66358653,152490,128.072078163562
"310",2697508.41272856,5174923.01103158,152490,157.852702356591
"311",2697508.41272856,4159617.63726691,152490,126.882445093967
"312",2697508.41272856,4434501.9378724,152490,135.267348520256
"313",2697508.41272856,4674087.73053261,152490,142.575527740901
"314",2697508.41272856,4862206.66427751,152490,148.313793217077
"315",2697508.41272856,4745792.99250416,152490,144.762781416225
"316",2697508.41272856,4328068.33070578,152490,132.020762536851
"317",2697508.41272856,3744123.52136693,152490,114.208465429292
"318",2697508.41272856,4354975.06959238,152490,132.841509325895
"319",2697508.41272856,4430410.09785089,152490,135.142533522307
"320",2697508.41272856,5407321.55235631,152490,164.941646036263
"321",2697508.41272856,3260782.54713661,152490,99.464926485953
"322",2697508.41272856,4841520.77520071,152490,147.682803444966
"323",2697508.41272856,4320632.92367683,152490,131.793957405618
"324",2697508.41272856,4498483.44005346,152490,137.219001327183
"325",2697508.41272856,4269709.93726566,152490,130.240633617044
"326",2697508.41272856,4300968.09239574,152490,131.194113359148
"327",2697508.41272856,4356464.21327778,152490,132.886933258664
"328",2697508.41272856,3926937.19815321,152490,119.784902575688
"329",2697508.41272856,4609507.75527871,152490,140.605619475557
"330",2697508.41272856,5029487.8472954,152490,153.416436625779
"331",2697508.41272856,4010027.32419633,152490,122.319433216453
"332",2697508.41272856,4095296.67581145,152490,124.920437627909
"333",2697508.41272856,4231664.32020739,152490,129.080113266757
"334",2697508.41272856,4457352.44886845,152490,135.964366602122
"335",2697508.41272856,4480045.43898543,152490,136.656579762952
"336",2697508.41272856,4036275.18513098,152490,123.120081993407
"337",2697508.41272856,4283701.61344869,152490,130.667427192771
"338",2697508.41272856,3765085.51782821,152490,114.847877413035
"339",2697508.41272856,4086777.83241031,152490,124.660584012898
"340",2697508.41272856,4672869.75022093,152490,142.538375210669
"341",2697508.41272856,4506454.79691205,152490,137.462154745871
"342",2697508.41272856,3971996.71815637,152490,121.159370753133
"343",2697508.41272856,3444874.69303209,152490,105.080361276051
"344",2697508.41272856,4064404.32903003,152490,123.978116281063
"345",2697508.41272856,3737643.68965379,152490,114.010808585981
"346",2697508.41272856,4042981.70524138,152490,123.324653601637
"347",2697508.41272856,3521652.36502939,152490,107.422340660012
"348",2697508.41272856,3996266.12008216,152490,121.899669820462
"349",2697508.41272856,4491623.23353983,152490,137.009741762434
"350",2697508.41272856,3492450.40339499,152490,106.531581793015
"351",2697508.41272856,5032387.93440464,152490,153.504899118127
"352",2697508.41272856,3799661.52355682,152490,115.902562850736
"353",2697508.41272856,3202614.47852256,152490,97.6906031188193
"354",2697508.41272856,4058753.12246289,152490,123.80573531495
"355",2697508.41272856,4262148.09536273,152490,130.009971793356
"356",2697508.41272856,3386523.42299309,152490,103.300449644137
"357",2697508.41272856,3840233.42117374,152490,117.14014332583
"358",2697508.41272856,4321763.2186008,152490,131.828435234144
"359",2697508.41272856,4766198.73950468,152490,145.38522590492
"360",2697508.41272856,4209425.74765117,152490,128.401761382668
"361",2697508.41272856,4017409.03091812,152490,122.544600306196
"362",2697508.41272856,4271231.59045772,152490,130.287049200021
"363",2697508.41272856,3784192.39937484,152490,115.430702100342
"364",2697508.41272856,4401720.4326431,152490,134.267401433752
"365",2697508.41272856,4035650.63998161,152490,123.101031248234
"366",2697508.41272856,4023275.09939144,152490,122.723535289141
"367",2697508.41272856,4391837.72909164,152490,133.965945458685
"368",2697508.41272856,3955961.48531742,152490,120.67024176877
"369",2697508.41272856,4239583.85863169,152490,129.321686047459
"370",2697508.41272856,4122921.17518835,152490,125.76307854616
"371",2697508.41272856,3576424.81653767,152490,109.093086189336
"372",2697508.41272856,4278429.00741907,152490,130.50659482706
"373",2697508.41272856,4169407.55826189,152490,127.181070886394
"374",2697508.41272856,3873642.65551462,152490,118.159238279152
"375",2697508.41272856,4158691.84247463,152490,126.854205213011
"376",2697508.41272856,4421841.79162218,152490,134.881171123304
"377",2697508.41272856,3962594.24621128,152490,120.872563470744
"378",2697508.41272856,4379536.94546827,152490,133.590729840615
"379",2697508.41272856,4273625.01125918,152490,130.360056651645
"380",2697508.41272856,3978029.32098304,152490,121.343385598649
"381",2697508.41272856,4690657.28111353,152490,143.080955228509
"382",2697508.41272856,4974232.01933397,152490,151.730946475285
"383",2697508.41272856,4235453.43091333,152490,129.195693993888
"384",2697508.41272856,4029267.22225343,152490,122.906315358449
"385",2697508.41272856,4028336.63535397,152490,122.877929301971
"386",2697508.41272856,3635952.48968586,152490,110.908882105799
"387",2697508.41272856,3938000.594361,152490,120.12237368104
"388",2697508.41272856,3782123.35408211,152490,115.367589201839
"389",2697508.41272856,3755658.06507273,152490,114.560308131208
"390",2697508.41272856,3689999.2789812,152490,112.557492476578
"391",2697508.41272856,4562501.23376112,152490,139.171761148754
"392",2697508.41272856,3889810.07069644,152490,118.652399273263
"393",2697508.41272856,4161675.53412712,152490,126.945217927469
"394",2697508.41272856,4169143.65710599,152490,127.17302100613
"395",2697508.41272856,5390119.7711343,152490,164.416933369919
"396",2697508.41272856,5626973.78622842,152490,171.641784110097
"397",2697508.41272856,4396455.87702739,152490,134.106814632968
"398",2697508.41272856,4344178.99381199,152490,132.512192400185
"399",2697508.41272856,3704672.24505182,152490,113.00506770444
"400",2697508.41272856,4738838.05515989,152490,144.550632239866
"401",2697508.41272856,4378832.34277557,152490,133.569237068858
"402",2697508.41272856,4292918.51476047,152490,130.94857394149
"403",2697508.41272856,4372680.77451811,152490,133.381593374237
"404",2697508.41272856,4174497.70334645,152490,127.336337574472
"405",2697508.41272856,4359616.9123639,152490,132.983101273029
"406",2697508.41272856,4372734.3659356,152490,133.383228094224
"407",2697508.41272856,4636701.53348292,152490,141.435121937269
"408",2697508.41272856,4424211.12663928,152490,134.953443876819
"409",2697508.41272856,4284277.41773346,152490,130.684991176271
"410",2697508.41272856,4511169.47291953,152490,137.605968353712
"411",2697508.41272856,4073215.40636227,152490,124.246884022071
"412",2697508.41272856,3453156.01148443,152490,105.332969574569
"413",2697508.41272856,5333190.52349211,152490,162.680398243833
"414",2697508.41272856,4152064.67741645,152490,126.652054203002
"415",2697508.41272856,3924917.22261667,152490,119.723286471167
"416",2697508.41272856,3798698.11779077,152490,115.873175707524
"417",2697508.41272856,3728860.92188545,152490,113.742904382683
"418",2697508.41272856,4006784.23534579,152490,122.22050800772
"419",2697508.41272856,4101946.75915942,152490,125.123287723483
"420",2697508.41272856,4828100.97745762,152490,147.273454101158
"421",2697508.41272856,4113512.70805331,152490,125.476088390145
"422",2697508.41272856,3775764.42086654,152490,115.173620172727
"423",2697508.41272856,4152789.91296499,152490,126.674176346837
"424",2697508.41272856,4547446.09510992,152490,138.712528361062
"425",2697508.41272856,4218293.96491673,152490,128.67227208543
"426",2697508.41272856,3920271.22582383,152490,119.581567812295
"427",2697508.41272856,4997379.24395974,152490,152.437015329148
"428",2697508.41272856,3980532.95793049,152490,121.41975501652
"429",2697508.41272856,4649612.93661809,152490,141.828963521338
"430",2697508.41272856,4493009.42125056,152490,137.052025188805
"431",2697508.41272856,3982155.10338754,152490,121.469235954393
"432",2697508.41272856,3490150.72104985,152490,106.461433682219
"433",2697508.41272856,4072994.24537712,152490,124.240137861966
"434",2697508.41272856,4243218.33451666,152490,129.432549888113
"435",2697508.41272856,3874930.50756707,152490,118.198522134444
"436",2697508.41272856,3975364.56479486,152490,121.262101497508
"437",2697508.41272856,3989281.17784187,152490,121.686605393014
"438",2697508.41272856,4616819.6389567,152490,140.828656725662
"439",2697508.41272856,3795031.63830188,152490,115.761335648411
"440",2697508.41272856,4378724.86496943,152490,133.565958631265
"441",2697508.41272856,4051659.36531511,152490,123.589351663783
"442",2697508.41272856,3996804.31757577,152490,121.91608666929
"443",2697508.41272856,4350420.36370765,152490,132.70257534933
"444",2697508.41272856,4203920.60623323,152490,128.233835898979
"445",2697508.41272856,4081553.25144926,152490,124.501216574653
"446",2697508.41272856,3744798.93853439,152490,114.229067943547
"447",2697508.41272856,4306911.16592624,152490,131.375397257497
"448",2697508.41272856,4826953.14009161,152490,147.238441168656
"449",2697508.41272856,4997293.56295911,152490,152.434401768046
"450",2697508.41272856,3740028.04629135,152490,114.083539549866
"451",2697508.41272856,4043032.73818049,152490,123.326210279356
"452",2697508.41272856,4230808.76434393,152490,129.054015911342
"453",2697508.41272856,4443466.54987319,152490,135.540799589361
"454",2697508.41272856,4643391.10011352,152490,141.639176406868
"455",2697508.41272856,4490103.03786673,152490,136.963370638729
"456",2697508.41272856,4271901.64617205,152490,130.307488171772
"457",2697508.41272856,4072434.01440002,152490,124.223048917166
"458",2697508.41272856,4106409.64630523,152490,125.259420917112
"459",2697508.41272856,4253690.30566445,152490,129.751980523343
"460",2697508.41272856,4251695.92432542,152490,129.691145128647
"461",2697508.41272856,3748591.49707666,152490,114.344753841379
"462",2697508.41272856,4360660.72376754,152490,133.01494106088
"463",2697508.41272856,4140091.3318363,152490,126.286826555741
"464",2697508.41272856,4039805.86263602,152490,123.227779631446
"465",2697508.41272856,3791021.63662246,152490,115.639016997448
"466",2697508.41272856,4568106.41450896,152490,139.342738171283
"467",2697508.41272856,4174655.75416544,152490,127.341158660474
"468",2697508.41272856,4858001.82343827,152490,148.185531310951
"469",2697508.41272856,4318971.35033873,152490,131.743273783654
"470",2697508.41272856,3878196.1136453,152490,118.298134194987
"471",2697508.41272856,5078877.07772654,152490,154.922975655297
"472",2697508.41272856,3970233.4427967,152490,121.105584874594
"473",2697508.41272856,4662909.14860421,152490,142.234543080424
"474",2697508.41272856,4200169.12751678,152490,128.119403075155
"475",2697508.41272856,4463132.54540632,152490,136.140679149466
"476",2697508.41272856,4320600.01597453,152490,131.792953609093
"477",2697508.41272856,3888871.91606033,152490,118.623782375153
"478",2697508.41272856,4174329.38714859,152490,127.331203359601
"479",2697508.41272856,4124195.38140946,152490,125.801946157317
"480",2697508.41272856,4111624.76200611,152490,125.418499632821
"481",2697508.41272856,4250090.63708325,152490,129.642178423501
"482",2697508.41272856,4592155.04337306,152490,140.076302911488
"483",2697508.41272856,4558551.07455676,152490,139.051267896232
"484",2697508.41272856,3869170.6943956,152490,118.022828298565
"485",2697508.41272856,4038115.55585193,152490,123.176219541931
"486",2697508.41272856,3579125.8130613,152490,109.175475743616
"487",2697508.41272856,3732557.47427117,152490,113.855661767139
"488",2697508.41272856,3555901.24116762,152490,108.467047535761
"489",2697508.41272856,3927060.37402665,152490,119.788659857574
"490",2697508.41272856,3738001.84098246,152490,114.02173341616
"491",2697508.41272856,4230933.83646556,152490,129.057831035229
"492",2697508.41272856,4012481.05916021,152490,122.394280454584
"493",2697508.41272856,4580908.95863073,152490,139.733259186253
"494",2697508.41272856,4403937.54325579,152490,134.335030826671
"495",2697508.41272856,3294449.68446847,152490,100.491888355167
"496",2697508.41272856,4379324.23998243,152490,133.584241601915
"497",2697508.41272856,4327877.52544145,152490,132.014942329182
"498",2697508.41272856,4597677.04668018,152490,140.244742739982
"499",2697508.41272856,4633672.29946453,152490,141.342720026196
"500",2697508.41272856,4143839.84395141,152490,126.401168888164
"501",2697508.41272856,4150233.68843075,152490,126.596202829221
"502",2697508.41272856,4099207.96974503,152490,125.039745357862
"503",2697508.41272856,4543321.87599009,152490,138.586725690802
"504",2697508.41272856,4102768.18021228,152490,125.148343851408
"505",2697508.41272856,4135786.02344905,152490,126.155500048669
"506",2697508.41272856,4117244.77682474,152490,125.589929144818
"507",2697508.41272856,3529860.88562599,152490,107.672728377039
"508",2697508.41272856,4289862.70693505,152490,130.855361439179
"509",2697508.41272856,4783682.16897135,152490,145.918529797923
"510",2697508.41272856,4192950.78988977,152490,127.899219296862
"511",2697508.41272856,3587692.71946266,152490,109.436795443138
"512",2697508.41272856,4737599.69607306,152490,144.512858087878
"513",2697508.41272856,4139809.18075764,152490,126.278219990939
"514",2697508.41272856,5000398.58987563,152490,152.52911561956
"515",2697508.41272856,5093137.49229151,152490,155.357966663087
"516",2697508.41272856,4216651.85668029,152490,128.622182215081
"517",2697508.41272856,4173269.41779747,152490,127.298870699553
"518",2697508.41272856,4585667.38127205,152490,139.878407214791
"519",2697508.41272856,4313706.5506646,152490,131.58267953826
"520",2697508.41272856,3956378.42142255,152490,120.682959733996
"521",2697508.41272856,3859322.93736137,152490,117.722438310793
"522",2697508.41272856,4362503.32650218,152490,133.071146693391
"523",2697508.41272856,3788322.6519353,152490,115.556688811003
"524",2697508.41272856,4619299.9729926,152490,140.904315325699
"525",2697508.41272856,4580035.63875485,152490,139.706619968213
"526",2697508.41272856,4252940.64394508,152490,129.729113298458
"527",2697508.41272856,4295151.46577219,152490,131.016686520301
"528",2697508.41272856,4320472.77500334,152490,131.78907232794
"529",2697508.41272856,3834669.0888452,152490,116.970412318625
"530",2697508.41272856,4469694.05319392,152490,136.340827390049
"531",2697508.41272856,4789638.343892,152490,146.100213333104
"532",2697508.41272856,3670069.18180755,152490,111.949556920748
"533",2697508.41272856,4404982.99099599,152490,134.366920528336
"534",2697508.41272856,4485763.50005514,152490,136.831000018126
"535",2697508.41272856,4393764.25510703,152490,134.024711035881
"536",2697508.41272856,4730323.38271015,152490,144.290905853017
"537",2697508.41272856,3860949.77819546,152490,117.772062473591
"538",2697508.41272856,4486615.44617194,152490,136.856987264026
"539",2697508.41272856,3521812.82220985,152490,107.4272351482
"540",2697508.41272856,3971025.23751463,152490,121.129737298827
"541",2697508.41272856,3846012.35406624,152490,117.316420378043
"542",2697508.41272856,4126877.50549362,152490,125.883760038188
"543",2697508.41272856,4620188.20577228,152490,140.931409437881
"544",2697508.41272856,4314606.44984056,152490,131.610129515095
"545",2697508.41272856,4354706.05422386,152490,132.833303444802
"546",2697508.41272856,4464378.77874783,152490,136.178693492927
"547",2697508.41272856,4254478.81600214,152490,129.77603276284
"548",2697508.41272856,5306341.10054019,152490,161.861399785182
"549",2697508.41272856,4810459.28530154,152490,146.735322659387
"550",2697508.41272856,4595465.20738906,152490,140.177274140249
"551",2697508.41272856,3745545.96851371,152490,114.251854891435
"552",2697508.41272856,4036104.97649726,152490,123.114890052824
"553",2697508.41272856,4463092.66116776,152490,136.139462544925
"554",2697508.41272856,3892882.12140489,152490,118.746107238594
"555",2697508.41272856,4141926.20562402,152490,126.342796429159
"556",2697508.41272856,3920434.81790371,152490,119.586557925546
"557",2697508.41272856,4305985.94792941,152490,131.347174970758
"558",2697508.41272856,3677538.22584277,152490,112.177388094751
"559",2697508.41272856,4222863.77461153,152490,128.811666779426
"560",2697508.41272856,4207207.63040699,152490,128.334101284074
"561",2697508.41272856,3934624.35697617,152490,120.019386990444
"562",2697508.41272856,5370895.21932386,152490,163.830519340492
"563",2697508.41272856,3276630.67019572,152490,99.9483479874571
"564",2697508.41272856,4443966.21092532,152490,135.556040946029
"565",2697508.41272856,3990454.99817431,152490,121.722410894112
"566",2697508.41272856,4390401.93935451,152490,133.922149002286
"567",2697508.41272856,4089651.11829602,152490,124.748228977033
"568",2697508.41272856,4319210.46591556,152490,131.750567619697
"569",2697508.41272856,4400427.18646486,152490,134.227953039329
"570",2697508.41272856,3841087.53207149,152490,117.16619660489
"571",2697508.41272856,4126027.47075367,152490,125.857831095765
"572",2697508.41272856,3103422.93065123,152490,94.6649245050421
"573",2697508.41272856,4125361.01353971,152490,125.837501890479
"574",2697508.41272856,4670528.84507907,152490,142.466969664767
"575",2697508.41272856,3835766.86959522,152490,117.003898354575
"576",2697508.41272856,3947123.10406154,152490,120.40064116549
"577",2697508.41272856,3952903.68187701,152490,120.576968393433
"578",2697508.41272856,3821517.71120042,152490,116.56925069815
"579",2697508.41272856,4214172.05710023,152490,128.54653991776
"580",2697508.41272856,4490983.75420972,152490,136.9902354741
"581",2697508.41272856,3933879.29051909,152490,119.996659936644
"582",2697508.41272856,4570536.6408137,152490,139.416868315581
"583",2697508.41272856,3837103.893276,152490,117.044682111295
"584",2697508.41272856,4457747.35712296,152490,135.976412643198
"585",2697508.41272856,3202052.01957578,152490,97.6734462133881
"586",2697508.41272856,4248311.19925468,152490,129.587899534846
"587",2697508.41272856,3695792.14052521,152490,112.734194399901
"588",2697508.41272856,4080890.252439,152490,124.480992856309
"589",2697508.41272856,4350194.15412544,152490,132.695675189893
"590",2697508.41272856,4440589.86904626,152490,135.453051068005
"591",2697508.41272856,4217679.65788821,152490,128.653533637665
"592",2697508.41272856,4206455.65295023,152490,128.311163421346
"593",2697508.41272856,4146918.86417396,152490,126.495089447311
"594",2697508.41272856,4102610.47185875,152490,125.143533211764
"595",2697508.41272856,4124705.02991991,152490,125.817492165336
"596",2697508.41272856,4132800.28100722,152490,126.064424778181
"597",2697508.41272856,4525743.77365842,152490,138.050533954338
"598",2697508.41272856,4306701.75418674,152490,131.369009489231
"599",2697508.41272856,4342097.3221863,152490,132.448694355705
"600",2697508.41272856,4759541.31307236,152490,145.18215182037
"601",2697508.41272856,4259007.40052044,152490,129.91416994914
"602",2697508.41272856,5047315.47795742,152490,153.960239822584
"603",2697508.41272856,4249486.09909642,152490,129.623737964639
"604",2697508.41272856,4363029.74716007,152490,133.087204308789
"605",2697508.41272856,4143839.19635357,152490,126.401149134233
"606",2697508.41272856,4048771.94678628,152490,123.501275606102
"607",2697508.41272856,3717791.3681548,152490,113.405245452001
"608",2697508.41272856,4016986.27877831,152490,122.531704932187
"609",2697508.41272856,4328020.07417104,152490,132.019290548882
"610",2697508.41272856,3546246.20011858,152490,108.172536039125
"611",2697508.41272856,3985861.80599804,152490,121.58230295513
"612",2697508.41272856,3356042.23918874,152490,102.370670162531
"613",2697508.41272856,4500149.76815031,152490,137.269829985414
"614",2697508.41272856,3910136.72447099,152490,119.272431150325
"615",2697508.41272856,3990136.39500686,152490,121.712692416976
"616",2697508.41272856,4281263.51816216,152490,130.593057017841
"617",2697508.41272856,4100761.89699442,152490,125.087145409043
"618",2697508.41272856,4874985.27892505,152490,148.703584301928
"619",2697508.41272856,4428706.67920809,152490,135.090573476633
"620",2697508.41272856,4289116.35339787,152490,130.83259512507
"621",2697508.41272856,3910277.25303513,152490,119.276717748128
"622",2697508.41272856,3795221.00176875,152490,115.767111876369
"623",2697508.41272856,3928188.32278344,152490,119.823066120044
"624",2697508.41272856,3986590.8545325,152490,121.604541407966
"625",2697508.41272856,3365990.96859592,152490,102.674140150122
"626",2697508.41272856,4542282.36991259,152490,138.55501723
"627",2697508.41272856,4101438.80093039,152490,125.10779327478
"628",2697508.41272856,3649604.70624651,152490,111.325321011781
"629",2697508.41272856,4384752.85166394,152490,133.749832669095
"630",2697508.41272856,3804511.25914976,152490,116.050496233982
"631",2697508.41272856,4205075.31858651,152490,128.26905854191
"632",2697508.41272856,4716081.69694019,152490,143.856486136993
"633",2697508.41272856,4680276.97979106,152490,142.764320833846
"634",2697508.41272856,3753715.67866479,152490,114.501058758249
"635",2697508.41272856,4535939.90637518,152490,138.361550581928
"636",2697508.41272856,4427085.99000931,152490,135.041136959576
"637",2697508.41272856,4496094.6718979,152490,137.146135797038
"638",2697508.41272856,4335042.07588115,152490,132.233485415845
"639",2697508.41272856,4109232.53726924,152490,125.345528665223
"640",2697508.41272856,4297257.23557228,152490,131.080919640828
"641",2697508.41272856,3247047.53466616,152490,99.0459620239235
"642",2697508.41272856,4231004.77169175,152490,129.059994800201
"643",2697508.41272856,3252941.35800832,152490,99.2257436244978
"644",2697508.41272856,4167606.22329609,152490,127.126124060789
"645",2697508.41272856,4010948.37481341,152490,122.347528383976
"646",2697508.41272856,4483869.06025422,152490,136.773213179291
"647",2697508.41272856,3749476.58028971,152490,114.371751881097
"648",2697508.41272856,3998477.98457384,152490,121.967139188898
"649",2697508.41272856,4271284.9599884,152490,130.288677151707
"650",2697508.41272856,4084067.44118115,152490,124.577907888238
"651",2697508.41272856,4369638.58566101,152490,133.288796296648
"652",2697508.41272856,4263281.67759948,152490,130.044549896071
"653",2697508.41272856,4533218.57813359,152490,138.278540841296
"654",2697508.41272856,4291237.15083084,152490,130.897286639365
"655",2697508.41272856,5131295.52638013,152490,156.521916114058
"656",2697508.41272856,4349941.29764862,152490,132.687962209798
"657",2697508.41272856,3732234.01172855,152490,113.845795062581
"658",2697508.41272856,4637781.39986616,152490,141.468061524276
"659",2697508.41272856,3357415.37282884,152490,102.412555395476
"660",2697508.41272856,4229126.59714677,152490,129.002704106834
"661",2697508.41272856,4610921.37622124,152490,140.648739708536
"662",2697508.41272856,3306784.39100027,152490,100.868138736992
"663",2697508.41272856,4736204.39897761,152490,144.470296794379
"664",2697508.41272856,4707041.7919322,152490,143.580738375815
"665",2697508.41272856,3584704.21246389,152490,109.345635844287
"666",2697508.41272856,3683763.27020172,152490,112.367273059659
"667",2697508.41272856,4576722.36207506,152490,139.60555379265
"668",2697508.41272856,4101927.59800898,152490,125.12270324341
"669",2697508.41272856,4040936.86213084,152490,123.262278951772
"670",2697508.41272856,4640344.01058703,152490,141.546229842242
"671",2697508.41272856,3700605.65185667,152490,112.881022820319
"672",2697508.41272856,4220101.44675102,152490,128.727406411369
"673",2697508.41272856,4147336.16087112,152490,126.507818411817
"674",2697508.41272856,4411267.94125115,152490,134.558632826246
"675",2697508.41272856,4722113.08560705,152490,144.040463946517
"676",2697508.41272856,4009662.54415951,152490,122.308306188195
"677",2697508.41272856,4310048.21139703,152490,131.471087783505
"678",2697508.41272856,4172135.24361913,152490,127.264274540612
"679",2697508.41272856,4039967.79603146,152490,123.232719149197
"680",2697508.41272856,4909368.74042603,152490,149.752396487681
"681",2697508.41272856,4092302.47250916,152490,124.829104272483
"682",2697508.41272856,4071513.86933729,152490,124.194981372122
"683",2697508.41272856,4460205.28126571,152490,136.051387665492
"684",2697508.41272856,3879967.97874022,152490,118.352182089584
"685",2697508.41272856,4271470.02874706,152490,130.294322376499
"686",2697508.41272856,4657306.24194324,152490,142.063635425257
"687",2697508.41272856,4043952.56059515,152490,123.35426798254
"688",2697508.41272856,3964029.54270871,152490,120.91634488166
"689",2697508.41272856,3635542.46390025,152490,110.896374928754
"690",2697508.41272856,4269592.33991065,152490,130.237046498891
"691",2697508.41272856,4049933.29311136,152490,123.536700607671
"692",2697508.41272856,4496430.23865111,152490,137.156371721071
"693",2697508.41272856,4579847.80241025,152490,139.700890322664
"694",2697508.41272856,4180960.76025257,152490,127.533482729277
"695",2697508.41272856,3971899.03618287,152490,121.156391121657
"696",2697508.41272856,4291714.03920515,152490,130.911833352127
"697",2697508.41272856,4313214.93382221,152490,131.567683557271
"698",2697508.41272856,3936416.12047102,152490,120.074041853723
"699",2697508.41272856,4945822.8141512,152490,150.864369368661
"700",2697508.41272856,4233823.44773279,152490,129.145973978867
"701",2697508.41272856,3835855.8494698,152490,117.006612542521
"702",2697508.41272856,3623222.07900792,152490,110.520561405503
"703",2697508.41272856,4539952.85665208,152490,138.483959175114
"704",2697508.41272856,3917642.04729213,152490,119.501368950337
"705",2697508.41272856,4545095.7603859,152490,138.640835180924
"706",2697508.41272856,4153083.98389291,152490,126.683146507467
"707",2697508.41272856,4243904.02703048,152490,129.45346583528
"708",2697508.41272856,3834484.89135717,152490,116.964793670542
"709",2697508.41272856,3744829.19790926,152490,114.229990957103
"710",2697508.41272856,3952325.96722015,152490,120.559346137106
"711",2697508.41272856,3968234.05063227,152490,121.044596632729
"712",2697508.41272856,3939358.72020394,152490,120.163801125272
"713",2697508.41272856,4852754.07146116,152490,148.025457078133
"714",2697508.41272856,4445846.0204963,152490,135.613381513234
"715",2697508.41272856,4201459.61321719,152490,128.158767265642
"716",2697508.41272856,4561771.04015894,152490,139.149487767468
"717",2697508.41272856,4878946.87243458,152490,148.824426339536
"718",2697508.41272856,4863774.41827598,152490,148.361615030998
"719",2697508.41272856,4416450.24996958,152490,134.716710817727
"720",2697508.41272856,4351706.43769946,152490,132.741804967742
"721",2697508.41272856,3791487.91246529,152490,115.653239992008
"722",2697508.41272856,4137608.8625636,152490,126.21110282374
"723",2697508.41272856,4138467.83783498,152490,126.237304482694
"724",2697508.41272856,3665694.51872776,152490,111.81611486034
"725",2697508.41272856,3788665.12564381,152490,115.567135420597
"726",2697508.41272856,4087664.11769699,152490,124.687618719939
"727",2697508.41272856,4230671.80607381,152490,129.049838219616
"728",2697508.41272856,3781924.97763348,152490,115.361538047371
"729",2697508.41272856,4034170.20671445,152490,123.055873012762
"730",2697508.41272856,4161616.00861607,152490,126.943402197504
"731",2697508.41272856,3863911.58477454,152490,117.862407619088
"732",2697508.41272856,4257573.64246833,152490,129.870435466024
"733",2697508.41272856,4721274.42552292,152490,144.014881969673
"734",2697508.41272856,3316683.47623205,152490,101.170094408867
"735",2697508.41272856,3953616.00928341,152490,120.598696795155
"736",2697508.41272856,3504957.25436943,152490,106.913083164162
"737",2697508.41272856,4161557.9438523,152490,126.941631025284
"738",2697508.41272856,4768999.61117521,152490,145.470661989902
"739",2697508.41272856,4199033.25062905,152490,128.084754977804
"740",2697508.41272856,5080180.48957819,152490,154.962734137235
"741",2697508.41272856,4224132.09572734,152490,128.850354874913
"742",2697508.41272856,4037300.65222724,152490,123.151362217669
"743",2697508.41272856,3596414.1500027,152490,109.702828652951
"744",2697508.41272856,4563382.91041736,152490,139.198655276936
"745",2697508.41272856,3349308.26977413,152490,102.16526125743
"746",2697508.41272856,4816681.32169204,152490,146.925115871056
"747",2697508.41272856,4977920.95291629,152490,151.843471460399
"748",2697508.41272856,4100116.92119292,152490,125.067471459691
"749",2697508.41272856,4600736.33911037,152490,140.338061534557
"750",2697508.41272856,3929507.5150984,152490,119.863305959632
"751",2697508.41272856,4178306.30777118,152490,127.452512926138
"752",2697508.41272856,4890727.80664443,152490,149.183784787448
"753",2697508.41272856,4117266.17066111,152490,125.590581729384
"754",2697508.41272856,4540642.10807386,152490,138.504983681044
"755",2697508.41272856,4424532.26934533,152490,134.963239818495
"756",2697508.41272856,4254492.62029556,152490,129.776453840606
"757",2697508.41272856,5219244.6832603,152490,159.204663674538
"758",2697508.41272856,4585182.61939537,152490,139.863620333504
"759",2697508.41272856,4052828.78174654,152490,123.625022830965
"760",2697508.41272856,3772335.68103035,152490,115.069031979305
"761",2697508.41272856,3742057.66969248,152490,114.145449946977
"762",2697508.41272856,4697292.41005114,152490,143.28334916385
"763",2697508.41272856,4579606.86665003,152490,139.693540964855
"764",2697508.41272856,4018883.04582897,152490,122.589562760033
"765",2697508.41272856,4144836.03015764,152490,126.431555945974
"766",2697508.41272856,4549543.95284052,152490,138.776520136636
"767",2697508.41272856,3856730.50188952,152490,117.643360236773
"768",2697508.41272856,3781096.89449965,152490,115.336278703382
"769",2697508.41272856,3590848.7215812,152490,109.533064211193
"770",2697508.41272856,3892822.66932226,152490,118.744293748444
"771",2697508.41272856,4978906.75602373,152490,151.873541798483
"772",2697508.41272856,4693240.00638956,152490,143.159737108626
"773",2697508.41272856,4056941.21094073,152490,123.750465868507
"774",2697508.41272856,3731751.22026206,152490,113.831068285487
"775",2697508.41272856,3282509.795675,152490,100.127681253367
"776",2697508.41272856,4548019.57331121,152490,138.730021391127
"777",2697508.41272856,4572050.56787019,152490,139.46304822522
"778",2697508.41272856,3625150.44555921,152490,110.579383125286
"779",2697508.41272856,5126316.52735814,152490,156.370039757834
"780",2697508.41272856,3797159.13079317,152490,115.826231384691
"781",2697508.41272856,4133541.90757378,152490,126.087046903655
"782",2697508.41272856,4052110.30532605,152490,123.603106863459
"783",2697508.41272856,5299663.25102194,152490,161.657702727247
"784",2697508.41272856,4090816.25607813,152490,124.7837696309
"785",2697508.41272856,4367521.32827751,152490,133.224212765867
"786",2697508.41272856,4386219.51020586,152490,133.79457072873
"787",2697508.41272856,4608452.89559735,152490,140.573442677766
"788",2697508.41272856,3780586.3120098,152490,115.320704205824
"789",2697508.41272856,4939157.93440143,152490,150.661067932651
"790",2697508.41272856,4097233.39594349,152490,124.979514160236
"791",2697508.41272856,4336132.28224587,152490,132.266740407356
"792",2697508.41272856,4082791.72835335,152490,124.538994320467
"793",2697508.41272856,4153237.04529436,152490,126.687815399312
"794",2697508.41272856,3716053.71458795,152490,113.352241125037
"795",2697508.41272856,3255349.02263519,152490,99.2991855611044
"796",2697508.41272856,3827028.40678252,152490,116.737345602681
"797",2697508.41272856,4458515.30670192,152490,135.999837709823
"798",2697508.41272856,3781478.33097681,152490,115.347913809561
"799",2697508.41272856,3888621.12006923,152490,118.61613224686
"800",2697508.41272856,4367917.18944634,152490,133.236287874062
"801",2697508.41272856,4216376.61479373,152490,128.613786404071
"802",2697508.41272856,3972951.7276903,152490,121.18850178279
"803",2697508.41272856,4386619.9383529,152490,133.806785145249
"804",2697508.41272856,3885828.66709117,152490,118.53095296055
"805",2697508.41272856,4014414.47829016,152490,122.453256295152
"806",2697508.41272856,4100472.95340403,152490,125.078331649597
"807",2697508.41272856,3894935.82851021,152490,118.808752270362
"808",2697508.41272856,3881384.12908701,152490,118.395379477971
"809",2697508.41272856,3803486.39135124,152490,116.019234290334
"810",2697508.41272856,3929648.5419617,152490,119.867607757249
"811",2697508.41272856,5325738.81631633,152490,162.45309590284
"812",2697508.41272856,4003940.41697611,152490,122.133761902762
"813",2697508.41272856,4451220.45707277,152490,135.777320055978
"814",2697508.41272856,4426848.14128378,152490,135.033881766794
"815",2697508.41272856,3674307.84918546,152490,112.078850651025
"816",2697508.41272856,4312128.49358338,152490,131.534543445373
"817",2697508.41272856,4103878.37948606,152490,125.182208694449
"818",2697508.41272856,3690944.78656841,152490,112.586333664634
"819",2697508.41272856,3841148.5844683,152490,117.168058910049
"820",2697508.41272856,3709715.85075149,152490,113.158914783444
"821",2697508.41272856,4761094.51065261,152490,145.229529614167
"822",2697508.41272856,4720908.25965451,152490,144.003712668851
"823",2697508.41272856,4842863.92427174,152490,147.723774046863
"824",2697508.41272856,4450068.30308799,152490,135.742175451963
"825",2697508.41272856,3763761.73408382,152490,114.807497519278
"826",2697508.41272856,4427135.46104968,152490,135.042645994086
"827",2697508.41272856,4084509.5436113,152490,124.591393511728
"828",2697508.41272856,4413056.39977895,152490,134.613186876822
"829",2697508.41272856,3943658.17463013,152490,120.294949066679
"830",2697508.41272856,3999081.9631509,152490,121.985562583864
"831",2697508.41272856,3920501.85078761,152490,119.588602655845
"832",2697508.41272856,3975865.64057265,152490,121.277386008107
"833",2697508.41272856,4591135.3583724,152490,140.045199060751
"834",2697508.41272856,4509977.70325333,152490,137.569615337059
"835",2697508.41272856,4453829.49359053,152490,135.8569045182
"836",2697508.41272856,3985059.92023549,152490,121.557842719812
"837",2697508.41272856,3821409.81293774,152490,116.565959435206
"838",2697508.41272856,3485620.61499558,152490,106.323250083911
"839",2697508.41272856,4409701.12949313,152490,134.510839753855
"840",2697508.41272856,4703338.20441474,152490,143.467766395981
"841",2697508.41272856,3666437.03571046,152490,111.838764146525
"842",2697508.41272856,4503019.29378201,152490,137.357360249049
"843",2697508.41272856,4807244.33222793,152490,146.637255687272
"844",2697508.41272856,4130215.37429793,152490,125.985576356952
"845",2697508.41272856,4317906.58792807,152490,131.710794919035
"846",2697508.41272856,4635046.1660014,152490,141.384627614978
"847",2697508.41272856,4308625.67594445,152490,131.427695627736
"848",2697508.41272856,3692308.14667166,152490,112.627920771558
"849",2697508.41272856,3507573.52501376,152490,106.992888291779
"850",2697508.41272856,4159227.88317813,152490,126.870556272426
"851",2697508.41272856,4059377.88673044,152490,123.82479274397
"852",2697508.41272856,3720264.3805038,152490,113.480680715756
"853",2697508.41272856,4036502.37865457,152490,123.127012166393
"854",2697508.41272856,4684116.90822245,152490,142.881451673949
"855",2697508.41272856,4881895.15444036,152490,148.914358939679
"856",2697508.41272856,5167315.87890479,152490,157.620659027476
"857",2697508.41272856,4521360.98295879,152490,137.91684397396
"858",2697508.41272856,4526141.07046471,152490,138.062652854344
"859",2697508.41272856,4003059.25263925,152490,122.106883402058
"860",2697508.41272856,4461375.04465522,152490,136.087069416072
"861",2697508.41272856,4200118.62952665,152490,128.117862715195
"862",2697508.41272856,3528001.66250793,152490,107.616015766466
"863",2697508.41272856,4183118.05848726,152490,127.599287641816
"864",2697508.41272856,4984270.29658919,152490,152.037147975938
"865",2697508.41272856,3523530.41592308,152490,107.479627581595
"866",2697508.41272856,4146248.58663529,152490,126.474643709165
"867",2697508.41272856,3919452.76997482,152490,119.556602133144
"868",2697508.41272856,4259899.46698352,152490,129.941381001668
"869",2697508.41272856,4451450.57166304,152490,135.784339331404
"870",2697508.41272856,4851600.05930726,152490,147.990255793658
"871",2697508.41272856,4297278.90295813,152490,131.08158056958
"872",2697508.41272856,4018327.78051977,152490,122.572625284944
"873",2697508.41272856,4187730.77613475,152490,127.73999117389
"874",2697508.41272856,4343329.37188522,152490,132.486276049964
"875",2697508.41272856,4339642.01241176,152490,132.373799080508
"876",2697508.41272856,4350706.08382503,152490,132.711290781917
"877",2697508.41272856,4102126.9349417,152490,125.128783695901
"878",2697508.41272856,4424984.03519048,152490,134.977020208916
"879",2697508.41272856,4986931.76912841,152490,152.118331914649
"880",2697508.41272856,4521549.86603877,152490,137.922605548488
"881",2697508.41272856,4350150.81012504,152490,132.694353050881
"882",2697508.41272856,4421181.87466358,152490,134.861041417988
"883",2697508.41272856,3782660.49704779,152490,115.383973883989
"884",2697508.41272856,4056225.90638507,152490,123.728646653636
"885",2697508.41272856,4226766.29492286,152490,128.930706884145
"886",2697508.41272856,5092177.21714956,152490,155.328675014528
"887",2697508.41272856,4611174.44828506,152490,140.656459264766
"888",2697508.41272856,4087409.76701384,152490,124.679860161484
"889",2697508.41272856,4094967.46431886,152490,124.910395560879
"890",2697508.41272856,4266975.4770965,152490,130.157223308086
"891",2697508.41272856,4373902.42822297,152490,133.418857955419
"892",2697508.41272856,4437924.99142969,152490,135.371763262886
"893",2697508.41272856,4403482.50472417,152490,134.321150608213
"894",2697508.41272856,4544577.10921373,152490,138.625014561191
"895",2697508.41272856,3354583.32418144,152490,102.326168306964
"896",2697508.41272856,4255607.57716235,152490,129.810463806369
"897",2697508.41272856,3916733.199773,152490,119.473646018687
"898",2697508.41272856,3997429.60061693,152490,121.935159922665
"899",2697508.41272856,3753974.98920603,152490,114.508968609197
"900",2697508.41272856,4278935.93841656,152490,130.522057941718
"901",2697508.41272856,3597171.62395661,152490,109.725934177484
"902",2697508.41272856,3908751.65472085,152490,119.230181825544
"903",2697508.41272856,4680697.73373487,152490,142.7771552561
"904",2697508.41272856,3650434.57005619,152490,111.350634672423
"905",2697508.41272856,3551166.05741152,152490,108.322608372036
"906",2697508.41272856,3645411.84032686,152490,111.197424381315
"907",2697508.41272856,3844569.09594663,152490,117.27239611065
"908",2697508.41272856,4396770.5890096,152490,134.116414415757
"909",2697508.41272856,3759532.66057144,152490,114.678496434436
"910",2697508.41272856,4228485.46127588,152490,128.983147288388
"911",2697508.41272856,3845031.50934678,152490,117.286501287609
"912",2697508.41272856,3840187.05963806,152490,117.138729141758
"913",2697508.41272856,4785445.63847797,152490,145.972321598603
"914",2697508.41272856,3767274.35524366,152490,114.914644377551
"915",2697508.41272856,4709617.74126345,152490,143.659313566635
"916",2697508.41272856,4319059.2855228,152490,131.745956104996
"917",2697508.41272856,3884037.30609387,152490,118.476310374812
"918",2697508.41272856,3860931.24581888,152490,117.771497173254
"919",2697508.41272856,4059227.68317124,152490,123.820211026006
"920",2697508.41272856,4443100.16167679,152490,135.529623506781
"921",2697508.41272856,3509940.82019,152490,107.06509882323
"922",2697508.41272856,3976050.08519881,152490,121.283012194741
"923",2697508.41272856,4825687.11269225,152490,147.1998230393
"924",2697508.41272856,4810661.60010027,152490,146.74149394689
"925",2697508.41272856,4812517.94131036,152490,146.798118649496
"926",2697508.41272856,4273288.99585264,152490,130.349807042165
"927",2697508.41272856,4619008.30032158,152490,140.895418320038
"928",2697508.41272856,3732503.18645953,152490,113.85400580477
"929",2697508.41272856,4644458.86110806,152490,141.671746738466
"930",2697508.41272856,4007344.45510752,152490,122.237596610413
"931",2697508.41272856,3845975.72595419,152490,117.315303096403
"932",2697508.41272856,3785622.55560822,152490,115.474326715771
"933",2697508.41272856,3626529.27725712,152490,110.621442168319
"934",2697508.41272856,4279020.71150634,152490,130.52464380846
"935",2697508.41272856,4172742.68697702,152490,127.282803623145
"936",2697508.41272856,3793281.54451002,152490,115.707951852395
"937",2697508.41272856,4371753.23575633,152490,133.353300296297
"938",2697508.41272856,4645224.37157297,152490,141.69509740384
"939",2697508.41272856,4907856.11678172,152490,149.706256336534
"940",2697508.41272856,4080271.78863765,152490,124.462127612875
"941",2697508.41272856,4458820.31638533,152490,136.009141539594
"942",2697508.41272856,4278988.66951943,152490,130.52366641919
"943",2697508.41272856,5022645.81505155,152490,153.207731437895
"944",2697508.41272856,3924700.5249979,152490,119.716676458874
"945",2697508.41272856,4617642.8593036,152490,140.853767738158
"946",2697508.41272856,4749806.20809498,152490,144.885198102386
"947",2697508.41272856,3591490.4303196,152490,109.552638504041
"948",2697508.41272856,3989932.39416622,152490,121.706469699477
"949",2697508.41272856,4350308.98412137,152490,132.699177894209
"950",2697508.41272856,3729618.23943232,152490,113.766005136271
"951",2697508.41272856,3878750.02304851,152490,118.315030310344
"952",2697508.41272856,4593848.83320609,152490,140.127969245808
"953",2697508.41272856,4145609.35237743,152490,126.455144896366
"954",2697508.41272856,3977899.44529436,152490,121.339423949677
"955",2697508.41272856,5328141.28895336,152490,162.526379466148
"956",2697508.41272856,3759663.52668753,152490,114.682488294804
"957",2697508.41272856,3965596.66012124,152490,120.964147277551
"958",2697508.41272856,4306599.50204277,152490,131.365890452057
"959",2697508.41272856,3803588.52023304,152490,116.022349567594
"960",2697508.41272856,4184381.64036178,152490,127.637831174371
"961",2697508.41272856,3994739.98913067,152490,121.853117650636
"962",2697508.41272856,3908392.86359699,152490,119.219237479442
"963",2697508.41272856,4586558.16818803,152490,139.905579236792
"964",2697508.41272856,4299911.39429238,152490,131.161880483251
"965",2697508.41272856,4227670.71487991,152490,128.958294760135
"966",2697508.41272856,4266725.97890226,152490,130.149612766999
"967",2697508.41272856,4093623.74684371,152490,124.869407620729
"968",2697508.41272856,4431478.91211951,152490,135.175135982336
"969",2697508.41272856,3513413.11113845,152490,107.171015473277
"970",2697508.41272856,4639619.46078604,152490,141.524128616034
"971",2697508.41272856,4033610.51437718,152490,123.038800498304
"972",2697508.41272856,4736406.51451823,152490,144.476462003833
"973",2697508.41272856,3743291.76918701,152490,114.183094166954
"974",2697508.41272856,4107567.63287534,152490,125.29474343476
"975",2697508.41272856,3878154.86649391,152490,118.296876016982
"976",2697508.41272856,4289364.97850259,152490,130.840179033965
"977",2697508.41272856,4430775.27523287,152490,135.15367267094
"978",2697508.41272856,4166086.05376953,152490,127.079753734643
"979",2697508.41272856,3998411.18032058,152490,121.96510143261
"980",2697508.41272856,4551835.22047951,152490,138.846411570357
"981",2697508.41272856,3898262.32734771,152490,118.910221766578
"982",2697508.41272856,4653037.18123493,152490,141.933414595325
"983",2697508.41272856,4962888.06611917,152490,151.384917429723
"984",2697508.41272856,4183064.82826474,152490,127.597663939501
"985",2697508.41272856,4252684.78027841,152490,129.721308588874
"986",2697508.41272856,3577893.75415824,152490,109.1378937686
"987",2697508.41272856,4334324.25488087,152490,132.211589440879
"988",2697508.41272856,3313021.54670487,152490,101.058393139018
"989",2697508.41272856,4327619.66346097,152490,132.00707666425
"990",2697508.41272856,3915981.91905138,152490,119.450729408743
"991",2697508.41272856,4500582.96237812,152490,137.283043878522
"992",2697508.41272856,4365114.17376774,152490,133.150786389562
"993",2697508.41272856,3783370.78283085,152490,115.405640009275
"994",2697508.41272856,4498168.45173311,152490,137.209393115144
"995",2697508.41272856,3332146.21979824,152490,101.641760528839
"996",2697508.41272856,4072034.75757672,152490,124.210870229994
"997",2697508.41272856,4008370.74614681,152490,122.268901967732
"998",2697508.41272856,4230540.20581839,152490,129.045823965509
"999",2697508.41272856,4026345.27891754,152490,122.817186177064
"1000",2697508.41272856,4635913.79729469,152490,141.411093311956
"1001",2697508.41272856,4259241.73336748,152490,129.921317895704
"1002",2697508.41272856,4422214.2065556,152490,134.892531041802
"1003",2697508.41272856,3347506.78612395,152490,102.110309896448
"1004",2697508.41272856,3653498.69103346,152490,111.444100754059
"1005",2697508.41272856,3413361.58564571,152490,104.119104625471
"1006",2697508.41272856,3909728.58558552,152490,119.259981530133
"1007",2697508.41272856,4416416.74351891,152490,134.715688757346
"1008",2697508.41272856,4434720.64326442,152490,135.274019776442
"1009",2697508.41272856,3994194.49535511,152490,121.836478240464
"1010",2697508.41272856,4564332.75814534,152490,139.227628854005
"1011",2697508.41272856,4189899.74872517,152490,127.806152193872
"1012",2697508.41272856,4266939.55891893,152490,130.156127681855
"1013",2697508.41272856,4244890.72310519,152490,129.483563411895
"1014",2697508.41272856,3621493.1136051,152490,110.467822097008
"1015",2697508.41272856,4216764.05553478,152490,128.625604660661
"1016",2697508.41272856,4593977.7504069,152490,140.131901657649
"1017",2697508.41272856,4018060.98686942,152490,122.56448717379
"1018",2697508.41272856,3868850.03113363,152490,118.01304698156
"1019",2697508.41272856,3494582.30304745,152490,106.596611962657
"1020",2697508.41272856,3898234.9383001,152490,118.909386307737
"1021",2697508.41272856,4024662.68080511,152490,122.765861228178
"1022",2697508.41272856,4275669.98038201,152490,130.422435145313
"1023",2697508.41272856,4490478.70871667,152490,136.974829873723
"1024",2697508.41272856,3862803.093651,152490,117.828594880422
"1025",2697508.41272856,4233356.1617457,152490,129.131720171481
"1026",2697508.41272856,4635872.65454413,152490,141.40983831853
"1027",2697508.41272856,4007088.56664388,152490,122.229791144438
"1028",2697508.41272856,4839987.98230227,152490,147.636048063166
"1029",2697508.41272856,3538843.53043414,152490,107.946729507926
"1030",2697508.41272856,3617310.45194358,152490,110.340236731022
"1031",2697508.41272856,4626046.4973519,152490,141.110107199194
"1032",2697508.41272856,3768031.3182005,152490,114.93773431494
"1033",2697508.41272856,3695685.49392505,152490,112.730941316909
"1034",2697508.41272856,4087576.63701445,152490,124.684950262434
"1035",2697508.41272856,3376515.48326331,152490,102.995173540898
"1036",2697508.41272856,3649446.45536835,152490,111.320493823297
"1037",2697508.41272856,3893324.36525435,152490,118.759597175853
"1038",2697508.41272856,4441504.05597115,152490,135.480936869638
"1039",2697508.41272856,4546502.07526628,152490,138.68373255423
"1040",2697508.41272856,3898566.42234619,152490,118.919497695356
"1041",2697508.41272856,5062055.37080844,152490,154.409856544228
"1042",2697508.41272856,3567809.38608154,152490,108.830286341577
"1043",2697508.41272856,4038995.21931172,152490,123.203052260794
"1044",2697508.41272856,3751130.44129659,152490,114.422200250802
"1045",2697508.41272856,4966509.08614272,152490,151.495370820969
"1046",2697508.41272856,4427653.26898177,152490,135.058440892137
"1047",2697508.41272856,4462126.19244026,152490,136.109981971
"1048",2697508.41272856,4164152.27659527,152490,127.020766972509
"1049",2697508.41272856,3836555.45140696,152490,117.027952774273
"1050",2697508.41272856,4066272.63599834,152490,124.035105979876
"1051",2697508.41272856,3290439.5961274,152490,100.369567060729
"1052",2697508.41272856,3406681.41241015,152490,103.915336686277
"1053",2697508.41272856,4466499.45338965,152490,136.243381261676
"1054",2697508.41272856,3497152.60211849,152490,106.675014801379
"1055",2697508.41272856,3559761.92288217,152490,108.584811421384
"1056",2697508.41272856,4737793.38111629,152490,144.51876613857
"1057",2697508.41272856,4138735.2199388,152490,126.245460543675
"1058",2697508.41272856,3871332.0251124,152490,118.088756215484
"1059",2697508.41272856,3247306.31582968,152490,99.0538557270555
"1060",2697508.41272856,3786356.70610651,152490,115.496720795808
"1061",2697508.41272856,3830205.97010789,152490,116.834272060669
"1062",2697508.41272856,4313543.74664119,152490,131.577713463404
"1063",2697508.41272856,4283482.71677068,152490,130.660750101714
"1064",2697508.41272856,4453026.29332207,152490,135.832404185994
"1065",2697508.41272856,3900271.80462628,152490,118.971517638626
"1066",2697508.41272856,3525760.36306213,152490,107.547648532103
"1067",2697508.41272856,4638672.91845562,152490,141.4952558648
"1068",2697508.41272856,3693375.06164146,152490,112.660465296532
"1069",2697508.41272856,4006158.09501032,152490,122.201408603962
"1070",2697508.41272856,3729466.49609394,152490,113.761376449819
"1071",2697508.41272856,4510830.87061681,152490,137.595639835125
"1072",2697508.41272856,4802717.78501671,152490,146.499180645748
"1073",2697508.41272856,4619706.41917805,152490,140.9167133128
"1074",2697508.41272856,3426001.97022853,152490,104.504679224547
"1075",2697508.41272856,3916961.7010207,152490,119.480616081694
"1076",2697508.41272856,4834674.64543088,152490,147.473973268644
"1077",2697508.41272856,4185328.29972208,152490,127.666707495413
"1078",2697508.41272856,3420042.93718825,152490,104.322908507024
"1079",2697508.41272856,3709480.30899191,152490,113.151729960947
"1080",2697508.41272856,3595958.70497192,152490,109.68893603489
"1081",2697508.41272856,4053774.72857056,152490,123.653877417234
"1082",2697508.41272856,4132274.79825705,152490,126.04839577215
"1083",2697508.41272856,3702472.40115121,152490,112.937965004799
"1084",2697508.41272856,3653780.79185354,152490,111.452705785803
"1085",2697508.41272856,4195184.31159633,152490,127.967349283801
"1086",2697508.41272856,3730327.34444687,152490,113.787635244113
"1087",2697508.41272856,3532002.12896434,152490,107.73804356079
"1088",2697508.41272856,3930635.0884358,152490,119.897700770537
"1089",2697508.41272856,4635062.89847662,152490,141.385138012219
"1090",2697508.41272856,4321089.43801438,152490,131.807882641161
"1091",2697508.41272856,3844136.90256591,152490,117.259212746773
"1092",2697508.41272856,3889544.04117771,152490,118.644284470715
"1093",2697508.41272856,4126893.24935024,152490,125.88424027921
"1094",2697508.41272856,4081563.06591666,152490,124.501515949194
"1095",2697508.41272856,4492603.74725801,152490,137.039650756207
"1096",2697508.41272856,3720040.62191077,152490,113.473855319802
"1097",2697508.41272856,4458768.13659034,152490,136.007549878881
"1098",2697508.41272856,4111320.8133997,152490,125.409228169497
"1099",2697508.41272856,4044528.99209752,152490,123.371851098304
"1100",2697508.41272856,4193544.94237217,152490,127.917342962617
"1101",2697508.41272856,4280199.92117427,152490,130.560613702569
"1102",2697508.41272856,3700658.8130158,152490,112.882644415966
"1103",2697508.41272856,3947612.21446441,152490,120.415560691574
"1104",2697508.41272856,5000321.25568447,152490,152.526756664454
"1105",2697508.41272856,3912149.43313799,152490,119.33382559068
"1106",2697508.41272856,4346477.40108182,152490,132.58230161686
"1107",2697508.41272856,3693536.44081186,152490,112.665387908539
"1108",2697508.41272856,4923385.82272615,152490,150.179965036143
"1109",2697508.41272856,4065311.21994095,152490,124.005779529525
"1110",2697508.41272856,4214057.86834335,152490,128.543056773409
"1111",2697508.41272856,4735154.07901029,152490,144.438258473262
"1112",2697508.41272856,4134510.91193632,152490,126.116604823047
"1113",2697508.41272856,4826274.21848938,152490,147.217731757255
"1114",2697508.41272856,4366690.30917258,152490,133.198863864803
"1115",2697508.41272856,3499501.40539501,152490,106.746661267174
"1116",2697508.41272856,3729313.52737823,152490,113.756710385204
"1117",2697508.41272856,4152713.05970807,152490,126.671832061856
"1118",2697508.41272856,3492407.56504879,152490,106.530275078172
"1119",2697508.41272856,4160969.69274172,152490,126.923687371385
"1120",2697508.41272856,4482420.4066598,152490,136.729024331617
"1121",2697508.41272856,4692503.82718965,152490,143.13728114631
"1122",2697508.41272856,3930665.59951281,152490,119.898631461863
"1123",2697508.41272856,4299826.4622101,152490,131.159289766698
"1124",2697508.41272856,3451339.99982181,152490,105.277575059937
"1125",2697508.41272856,4114584.24334015,152490,125.508773850458
"1126",2697508.41272856,3926458.96290922,152490,119.770314778833
"1127",2697508.41272856,3915271.73839013,152490,119.429066490029
"1128",2697508.41272856,3548964.63775965,152490,108.255457606638
"1129",2697508.41272856,4783869.80151667,152490,145.924253226903
"1130",2697508.41272856,4643019.36571612,152490,141.627837247027
"1131",2697508.41272856,3969873.30914176,152490,121.094599576741
"1132",2697508.41272856,3690840.76507456,152490,112.583160656288
"1133",2697508.41272856,4264248.97971464,152490,130.074055891145
"1134",2697508.41272856,3622386.35353601,152490,110.495068944284
"1135",2697508.41272856,4069100.07060162,152490,124.121352324394
"1136",2697508.41272856,3961802.36465434,152490,120.848408397627
"1137",2697508.41272856,4538944.47094234,152490,138.453199991072
"1138",2697508.41272856,5078992.69235838,152490,154.92650229367
"1139",2697508.41272856,4111917.30640197,152490,125.427423229046
"1140",2697508.41272856,4156153.65329709,152490,126.776781834941
"1141",2697508.41272856,4561544.42703372,152490,139.142575298601
"1142",2697508.41272856,3975872.96778569,152490,121.277609512955
"1143",2697508.41272856,3827550.18923283,152490,116.753261737017
"1144",2697508.41272856,4594223.95660949,152490,140.139411781826
"1145",2697508.41272856,3791283.70382181,152490,115.647010935817
"1146",2697508.41272856,4716097.10452235,152490,143.856956120503
"1147",2697508.41272856,3871085.46013605,152490,118.081235147492
"1148",2697508.41272856,3944559.06971896,152490,120.322429422234
"1149",2697508.41272856,3723509.03485889,152490,113.579653677687
"1150",2697508.41272856,4883754.32097487,152490,148.971069824262
"1151",2697508.41272856,4902446.74012967,152490,149.541252002987
"1152",2697508.41272856,4263900.44305255,152490,130.063424340905
"1153",2697508.41272856,4496002.74051126,152490,137.143331577965
"1154",2697508.41272856,3204669.47440889,152490,97.7532874627791
"1155",2697508.41272856,4442851.94585968,152490,135.522052082547
"1156",2697508.41272856,3051237.01320776,152490,93.0730770368094
"1157",2697508.41272856,4114923.37926021,152490,125.519118646184
"1158",2697508.41272856,3930912.83805909,152490,119.906173076023
"1159",2697508.41272856,4552431.61554636,152490,138.864603642543
"1160",2697508.41272856,3146896.74716417,152490,95.9910233481926
"1161",2697508.41272856,3804869.53718917,152490,116.061424929268
"1162",2697508.41272856,4481068.58217302,152490,136.687789100118
"1163",2697508.41272856,4219508.70567348,152490,128.70932579825
"1164",2697508.41272856,4770538.73363884,152490,145.517610444908
"1165",2697508.41272856,4180398.4352001,152490,127.516329908077
"1166",2697508.41272856,3653841.5098255,152490,111.454557889871
"1167",2697508.41272856,4579274.04855363,152490,139.683388884177
"1168",2697508.41272856,4605351.09176531,152490,140.47882714126
"1169",2697508.41272856,4944398.00319623,152490,150.820907802351
"1170",2697508.41272856,3675935.02838836,152490,112.128485135219
"1171",2697508.41272856,4372563.20213864,152490,133.378007017922
"1172",2697508.41272856,4702069.42211062,152490,143.429064232687
"1173",2697508.41272856,4902729.1360117,152490,149.549866035122
"1174",2697508.41272856,4226468.07457213,152490,128.921610152047
"1175",2697508.41272856,3862578.69935462,152490,117.821750093359
"1176",2697508.41272856,4072115.6672143,152490,124.213338248342
"1177",2697508.41272856,3803995.98890844,152490,116.034778744106
"1178",2697508.41272856,3975932.12462504,152490,121.279413997183
"1179",2697508.41272856,4880375.95591542,152490,148.868018232374
"1180",2697508.41272856,4173937.16697919,152490,127.319239314237
"1181",2697508.41272856,3695555.92379195,152490,112.726988988418
"1182",2697508.41272856,4820563.35740971,152490,147.043531126195
"1183",2697508.41272856,4025784.34252223,152490,122.800075714616
"1184",2697508.41272856,3970654.40935204,152490,121.118425782221
"1185",2697508.41272856,4998158.08186239,152490,152.460772526573
"1186",2697508.41272856,4345899.21836179,152490,132.564665083019
"1187",2697508.41272856,4046019.01253304,152490,123.417301774925
"1188",2697508.41272856,4047384.17640264,152490,123.45894390284
"1189",2697508.41272856,4283950.56805496,152490,130.675021152581
"1190",2697508.41272856,4459066.60001968,152490,136.016654025702
"1191",2697508.41272856,4332293.35474616,152490,132.149640099063
"1192",2697508.41272856,4333951.15665777,152490,132.200208679729
"1193",2697508.41272856,3456250.02520013,152490,105.427347486107
"1194",2697508.41272856,4350921.96998098,152490,132.717876041841
"1195",2697508.41272856,3930631.93877466,152490,119.89760469519
"1196",2697508.41272856,3940442.94488333,152490,120.196873655094
"1197",2697508.41272856,3630439.4361034,152490,110.740715274259
"1198",2697508.41272856,4608413.63998555,152490,140.572245248473
"1199",2697508.41272856,4498060.09541079,152490,137.206087879827
"1200",2697508.41272856,3650043.44082558,152490,111.338703904392
"1201",2697508.41272856,4239829.09599214,152490,129.329166618664
"1202",2697508.41272856,3523934.67302986,152490,107.491958794372
"1203",2697508.41272856,4579125.13957053,152490,139.678846655174
"1204",2697508.41272856,4545761.29743451,152490,138.661136318046
"1205",2697508.41272856,3994920.50610565,152490,121.858624030589
"1206",2697508.41272856,4324060.71836896,152490,131.89851676894
"1207",2697508.41272856,3392963.38911053,152490,103.496890451576
"1208",2697508.41272856,4086573.02708069,152490,124.654336755756
"1209",2697508.41272856,4239966.27061374,152490,129.333350909845
"1210",2697508.41272856,4030848.33957741,152490,122.954544799119
"1211",2697508.41272856,5140810.94187831,152490,156.812168557859
"1212",2697508.41272856,3931382.20588767,152490,119.920490386635
"1213",2697508.41272856,3917788.08336668,152490,119.505823545885
"1214",2697508.41272856,4845218.7496905,152490,147.79560420842
"1215",2697508.41272856,3875230.16745831,152490,118.20766277741
"1216",2697508.41272856,3987258.72813019,152490,121.624913817759
"1217",2697508.41272856,4442196.41366731,152490,135.502056127471
"1218",2697508.41272856,4172693.6170229,152490,127.281306823126
"1219",2697508.41272856,4394292.76781365,152490,134.04083246586
"1220",2697508.41272856,3654738.79047684,152490,111.481927992824
"1221",2697508.41272856,3780992.95325214,152490,115.333108142821
"1222",2697508.41272856,4486617.7731646,152490,136.857058245194
"1223",2697508.41272856,4128895.56934211,152490,125.94531782974
"1224",2697508.41272856,4511929.58016883,152490,137.629154202685
"1225",2697508.41272856,3668429.6870288,152490,111.899546769722
"1226",2697508.41272856,3993527.36652357,152490,121.816128548564
"1227",2697508.41272856,3914318.00849818,152490,119.399974493792
"1228",2697508.41272856,5802091.93188449,152490,176.983481457972
"1229",2697508.41272856,4358452.91806579,152490,132.947595499302
"1230",2697508.41272856,4394241.82042451,152490,134.039278397706
"1231",2697508.41272856,4171309.52353673,152490,127.239087277707
"1232",2697508.41272856,3903238.04888127,152490,119.061998148289
"1233",2697508.41272856,3862553.53883529,152490,117.820982612189
"1234",2697508.41272856,3610378.30349483,152490,110.128782693263
"1235",2697508.41272856,4923753.2357842,152490,150.191172380478
"1236",2697508.41272856,4479562.40985911,152490,136.641845736427
"1237",2697508.41272856,4343000.26092179,152490,132.476237049414
"1238",2697508.41272856,4099111.13137154,152490,125.036791459048
"1239",2697508.41272856,3895470.83423813,152490,118.825071759512
"1240",2697508.41272856,4141364.26947573,152490,126.325655470855
"1241",2697508.41272856,3964190.53476849,152490,120.921255685481
"1242",2697508.41272856,4370650.44904923,152490,133.319661561678
"1243",2697508.41272856,4136009.83092719,152490,126.162326935785
"1244",2697508.41272856,4132282.63748878,152490,126.048634895304
"1245",2697508.41272856,4555304.99736343,152490,138.95225153291
"1246",2697508.41272856,4586473.72951877,152490,139.90300357101
"1247",2697508.41272856,4053204.7738685,152490,123.636491865845
"1248",2697508.41272856,3954841.09719798,152490,120.63606613138
"1249",2697508.41272856,3911143.30293504,152490,119.303135207244
"1250",2697508.41272856,3740530.80272486,152490,114.098875326164
"1251",2697508.41272856,4130864.09626012,152490,126.005364576911
"1252",2697508.41272856,3461634.34784353,152490,105.59158758742
"1253",2697508.41272856,4626580.4836548,152490,141.126395592423
"1254",2697508.41272856,4079030.70863121,152490,124.424270463611
"1255",2697508.41272856,5125905.60762352,152490,156.357505312313
"1256",2697508.41272856,4334928.5988589,152490,132.230023981815
"1257",2697508.41272856,3973282.99949936,152490,121.19860669646
"1258",2697508.41272856,4344849.71382251,152490,132.532651635223
"1259",2697508.41272856,4237850.29694244,152490,129.26880653664
"1260",2697508.41272856,4021849.8315756,152490,122.680059787026
"1261",2697508.41272856,3638531.3635124,152490,110.987546503644
"1262",2697508.41272856,3918745.09399502,152490,119.535015615708
"1263",2697508.41272856,3925049.08977123,152490,119.727308866603
"1264",2697508.41272856,4367070.42665607,152490,133.210458737201
"1265",2697508.41272856,4996937.44255711,152490,152.423538888019
"1266",2697508.41272856,3842149.81266451,152490,117.198599765654
"1267",2697508.41272856,4187009.2305239,152490,127.71798158567
"1268",2697508.41272856,4547358.0159005,152490,138.709841646458
"1269",2697508.41272856,4397674.45292288,152490,134.143985330526
"1270",2697508.41272856,3754610.28177209,152490,114.528347187029
"1271",2697508.41272856,3658753.06408883,152490,111.604376952219
"1272",2697508.41272856,4436100.41830477,152490,135.316107594618
"1273",2697508.41272856,4291150.85089832,152490,130.894654198741
"1274",2697508.41272856,4027424.75226049,152490,122.850113775009
"1275",2697508.41272856,4067120.28116368,152490,124.060962032169
"1276",2697508.41272856,4321013.61613677,152490,131.805569816747
"1277",2697508.41272856,4124990.17286059,152490,125.826189992076
"1278",2697508.41272856,3855180.79287931,152490,117.596088856193
"1279",2697508.41272856,3767079.48163553,152490,114.908700071597
"1280",2697508.41272856,4721565.70475181,152490,144.023766974015
"1281",2697508.41272856,4501496.09003857,152490,137.310897368997
"1282",2697508.41272856,3978201.47382185,152490,121.348636844082
"1283",2697508.41272856,4662578.68323061,152490,142.22446276577
"1284",2697508.41272856,3432479.38628115,152490,104.702262382019
"1285",2697508.41272856,4486812.13169857,152490,136.862986839638
"1286",2697508.41272856,4285880.08988639,152490,130.733878112327
"1287",2697508.41272856,4303323.23260367,152490,131.265953122843
"1288",2697508.41272856,4548411.86601126,152490,138.741987648922
"1289",2697508.41272856,4716827.83075519,152490,143.87924574883
"1290",2697508.41272856,4229501.92559349,152490,129.014152897368
"1291",2697508.41272856,3714439.97694514,152490,113.303016654013
"1292",2697508.41272856,4055722.06332159,152490,123.713277731439
"1293",2697508.41272856,3857540.32990497,152490,117.66806273774
"1294",2697508.41272856,5016427.58727956,152490,153.018054402008
"1295",2697508.41272856,4658862.80609549,152490,142.111115910918
"1296",2697508.41272856,4020020.68680901,152490,122.624264668182
"1297",2697508.41272856,4324596.77413233,152490,131.914868287732
"1298",2697508.41272856,4317934.57532007,152490,131.711648629409
"1299",2697508.41272856,3215102.01983249,152490,98.0715154797106
"1300",2697508.41272856,4656321.39493029,152490,142.033594251297
"1301",2697508.41272856,3714293.12927236,152490,113.298537301966
"1302",2697508.41272856,4389455.71886043,152490,133.893286068152
"1303",2697508.41272856,4064049.13961974,152490,123.967281799439
"1304",2697508.41272856,4260883.55694795,152490,129.97139908308
"1305",2697508.41272856,4214295.83270879,152490,128.550315493601
"1306",2697508.41272856,4794368.67250517,152490,146.244504398504
"1307",2697508.41272856,3973420.24150174,152490,121.202793042983
"1308",2697508.41272856,3822563.65903849,152490,116.601155654496
"1309",2697508.41272856,3928982.38018928,152490,119.847287563932
"1310",2697508.41272856,4312751.57111298,152490,131.553549423165
"1311",2697508.41272856,3728732.47505403,152490,113.738986318703
"1312",2697508.41272856,4424948.67388945,152490,134.975941569308
"1313",2697508.41272856,4485724.49308065,152490,136.829810173114
"1314",2697508.41272856,5000321.97965175,152490,152.526778747911
"1315",2697508.41272856,3438402.96146168,152490,104.882951514565
"1316",2697508.41272856,3990257.7282241,152490,121.716393491598
"1317",2697508.41272856,4014303.58269512,152490,122.449873603405
"1318",2697508.41272856,4393606.32537465,152490,134.019893643432
"1319",2697508.41272856,4423603.64996474,152490,134.934913778016
"1320",2697508.41272856,4354287.81356728,152490,132.820545686332
"1321",2697508.41272856,4080378.27889464,152490,124.46537592687
"1322",2697508.41272856,3258165.7606699,152490,99.3851056240041
"1323",2697508.41272856,3522395.60174426,152490,107.44501190047
"1324",2697508.41272856,4105265.14043067,152490,125.224509606398
"1325",2697508.41272856,4046782.80289833,152490,123.440599971427
"1326",2697508.41272856,4539004.62060288,152490,138.455034759714
"1327",2697508.41272856,4056794.43266915,152490,123.745988633432
"1328",2697508.41272856,3952985.15933422,152490,120.579453732205
"1329",2697508.41272856,4860105.56295199,152490,148.249702500858
"1330",2697508.41272856,4512878.32494344,152490,137.658094135937
"1331",2697508.41272856,3845205.78345913,152490,117.291817239078
"1332",2697508.41272856,4382376.68581215,152490,133.677351551955
"1333",2697508.41272856,4327821.58496513,152490,132.013235954935
"1334",2697508.41272856,3819765.10342763,152490,116.515790217188
"1335",2697508.41272856,4586920.77652081,152490,139.916640020712
"1336",2697508.41272856,4349300.85958578,152490,132.668426676864
"1337",2697508.41272856,4363045.58803787,152490,133.087687509286
"1338",2697508.41272856,4560017.67951585,152490,139.096004321409
"1339",2697508.41272856,4555539.3821037,152490,138.959401062393
"1340",2697508.41272856,3743317.37797104,152490,114.183875321718
"1341",2697508.41272856,3953557.02306415,152490,120.596897515419
"1342",2697508.41272856,3642768.2775317,152490,111.116786750537
"1343",2697508.41272856,3871661.65819655,152490,118.098811142487
"1344",2697508.41272856,4012238.08448592,152490,122.38686890298
"1345",2697508.41272856,4512280.00002412,152490,137.639843196705
"1346",2697508.41272856,4493447.1751878,152490,137.065378168513
"1347",2697508.41272856,3970503.58009014,152490,121.113824978202
"1348",2697508.41272856,4955197.7439697,152490,151.15033652278
"1349",2697508.41272856,4012961.05128739,152490,122.408921842334
"1350",2697508.41272856,3809172.66099792,152490,116.192684799287
"1351",2697508.41272856,3948398.77081636,152490,120.439553327879
"1352",2697508.41272856,4275244.9065183,152490,130.409468950851
"1353",2697508.41272856,4157308.06836705,152490,126.811995409722
"1354",2697508.41272856,4816199.83825751,152490,146.910428993373
"1355",2697508.41272856,3898768.66283134,152490,118.925666716042
"1356",2697508.41272856,3807054.18762006,152490,116.128064176555
"1357",2697508.41272856,3707920.10433116,152490,113.10413842743
"1358",2697508.41272856,4864310.26623487,152490,148.377960211049
"1359",2697508.41272856,4090359.39698528,152490,124.769833879151
"1360",2697508.41272856,4157169.45594242,152490,126.807767260673
"1361",2697508.41272856,4238099.64060904,152490,129.276412364109
"1362",2697508.41272856,4072684.11669006,152490,124.230677885223
"1363",2697508.41272856,4317002.24887306,152490,131.683209510832
"1364",2697508.41272856,4323472.25385444,152490,131.880566605496
"1365",2697508.41272856,4759934.71427338,152490,145.194151891203
"1366",2697508.41272856,4502775.06700416,152490,137.349910504041
"1367",2697508.41272856,4817112.70069199,152490,146.938274393557
"1368",2697508.41272856,5658960.45396316,152490,172.617485957361
"1369",2697508.41272856,4414277.08161346,152490,134.650421812662
"1370",2697508.41272856,3614522.04049375,152490,110.255180725029
"1371",2697508.41272856,4094043.37694359,152490,124.882207761932
"1372",2697508.41272856,3953896.7241322,152490,120.607259550075
"1373",2697508.41272856,3810820.83194271,152490,116.242959602801
"1374",2697508.41272856,4442223.78642873,152490,135.502891089528
"1375",2697508.41272856,4221522.08283892,152490,128.770740630074
"1376",2697508.41272856,4769785.08866842,152490,145.494621717357
"1377",2697508.41272856,4612405.93912251,152490,140.694023911854
"1378",2697508.41272856,4563488.23427699,152490,139.201868011856
"1379",2697508.41272856,5095436.3255968,152490,155.428088875289
"1380",2697508.41272856,3281061.36882101,152490,100.083499322045
"1381",2697508.41272856,3765795.01077765,152490,114.869519354207
"1382",2697508.41272856,4477195.83194261,152490,136.569657083831
"1383",2697508.41272856,3156228.69355761,152490,96.2756793620716
"1384",2697508.41272856,3724839.28667318,152490,113.620230869512
"1385",2697508.41272856,4091179.28651874,152490,124.79484329054
"1386",2697508.41272856,3793518.58016025,152490,115.715182243622
"1387",2697508.41272856,4091688.45082143,152490,124.81037452858
"1388",2697508.41272856,4063788.18366917,152490,123.959321757927
"1389",2697508.41272856,4261007.70894351,152490,129.97518614
"1390",2697508.41272856,4215196.64123885,152490,128.57779320882
"1391",2697508.41272856,4208596.9122513,152490,128.376479092013
"1392",2697508.41272856,4709090.51169367,152490,143.643231276681
"1393",2697508.41272856,4911131.1191143,152490,149.806155014702
"1394",2697508.41272856,4359116.4368517,152490,132.967835072566
"1395",2697508.41272856,3804679.87323873,152490,116.055639535543
"1396",2697508.41272856,4430305.16432307,152490,135.139332693831
"1397",2697508.41272856,4331187.72121748,152490,132.115914526732
"1398",2697508.41272856,3853088.08786699,152490,117.532254256002
"1399",2697508.41272856,3746519.69935429,152490,114.281556984437
"1400",2697508.41272856,4215220.26946864,152490,128.578513949962
"1401",2697508.41272856,3916031.21992345,152490,119.452233252543
"1402",2697508.41272856,4190107.95669047,152490,127.812503242941
"1403",2697508.41272856,4888493.65214413,152490,149.115635498154
"1404",2697508.41272856,4003823.71599781,152490,122.130202127138
"1405",2697508.41272856,4414437.5590251,152490,134.655316917969
"1406",2697508.41272856,4017010.31992773,152490,122.532438268778
"1407",2697508.41272856,4737607.36313033,152490,144.513091959127
"1408",2697508.41272856,4006570.61108079,152490,122.213991743141
"1409",2697508.41272856,4938076.55320427,152490,150.628082138681
"1410",2697508.41272856,4382389.70351325,152490,133.677748635988
"1411",2697508.41272856,4162636.18077342,152490,126.974520908171
"1412",2697508.41272856,4143553.77145476,152490,126.392442706814
"1413",2697508.41272856,4538231.64970605,152490,138.431456525864
"1414",2697508.41272856,4487160.71828423,152490,136.873619912717
